Workbook

Sheet Global
A1: Year | B1: Global | C1: China | D1: India | E1: Europe | F1: USA | G1: Rest of World
A2: 2022 | B2: 910390.8 | C2: 363011.29 | D2: 41916 | E2: 255917.85 | F2: 147531.84 | G2: =B2-C2-D2-E2-F2 -> 102013.82
A3: 2023 | B3: 1024488.1 | C3: 438363.84 | D3: 44722 | E3: 272534.87 | F3: 153622.59 | G3: =B3-C3-D3-E3-F3 -> 115244.76
A4: 2024 | B4: 1141590.1 | C4: 517785.86 | D4: 48922 | E4: 287217.65 | F4: 158888.59 | G4: =B4-C4-D4-E4-F4 -> 128776.01
A5: 2025 | B5: 1291164.2 | C5: 610550.38 | D5: 53922 | E5: 311484.58 | F5: 167562.59 | G5: =B5-C5-D5-E5-F5 -> 147644.66
A6: 2026 | B6: 1438162.8 | C6: 686876.97 | D6: 59422 | E6: 339296.97 | F6: 182158.59 | G6: =B6-C6-D6-E6-F6 -> 170408.28
A7: 2027 | B7: 1600108.9 | C7: 773082.99 | D7: 65422 | E7: 367943.54 | F7: 198581.63 | G7: =B7-C7-D7-E7-F7 -> 195078.79
A8: 2028 | B8: 1768990.8 | C8: 863529.71 | D8: 72441 | E8: 395316.94 | F8: 213864.89 | G8: =B8-C8-D8-E8-F8 -> 223838.24
A9: 2029 | B9: 1938985 | C9: 947291 | D9: 79465 | E9: 429280.48 | F9: 228856.74 | G9: =B9-C9-D9-E9-F9 -> 254091.74
A10: 2030 | B10: 2117285.8 | C10: 1032911.8 | D10: 87496 | E10: 467593.71 | F10: 244495.38 | G10: =B10-C10-D10-E10-F10 -> 284788.92
A11: 2031 | B11: 2280012.9 | C11: 1101103.9 | D11: 96534 | E11: 504095.21 | F11: 260117.38 | G11: =B11-C11-D11-E11-F11 -> 318162.36
A12: 2032 | B12: 2452284.3 | C12: 1175789.2 | D12: 105581 | E12: 540812.34 | F12: 277427.38 | G12: =B12-C12-D12-E12-F12 -> 352674.45
A13: 2033 | B13: 2631859.2 | C13: 1256293.7 | D13: 116137 | E13: 573741.14 | F13: 295930.88 | G13: =B13-C13-D13-E13-F13 -> 389756.44

Sheet percentages
A1: China | B1: India | C1: Europe | D1: USA | E1: ROW
A2: =Global!C2/Global!$B2 -> 0.39874226 | B2: =Global!D2/Global!$B2 -> 0.046041766 | C2: =Global!E2/Global!$B2 -> 0.28110769 | D2: =Global!F2/Global!$B2 -> 0.1620533 | E2: =Global!G2/Global!$B2 -> 0.11205498
A3: =Global!C3/Global!$B3 -> 0.42788575 | B3: =Global!D3/Global!$B3 -> 0.043653023 | C3: =Global!E3/Global!$B3 -> 0.26602055 | D3: =Global!F3/Global!$B3 -> 0.14995059 | E3: =Global!G3/Global!$B3 -> 0.11249009
A4: =Global!C4/Global!$B4 -> 0.45356548 | B4: =Global!D4/Global!$B4 -> 0.042854261 | C4: =Global!E4/Global!$B4 -> 0.25159437 | D4: =Global!F4/Global!$B4 -> 0.13918182 | E4: =Global!G4/Global!$B4 -> 0.11280407
A5: =Global!C5/Global!$B5 -> 0.47286811 | B5: =Global!D5/Global!$B5 -> 0.04176231 | C5: =Global!E5/Global!$B5 -> 0.2412432 | D5: =Global!F5/Global!$B5 -> 0.12977636 | E5: =Global!G5/Global!$B5 -> 0.11435002
A6: =Global!C6/Global!$B6 -> 0.47760724 | B6: =Global!D6/Global!$B6 -> 0.041317992 | C6: =Global!E6/Global!$B6 -> 0.23592389 | D6: =Global!F6/Global!$B6 -> 0.12666062 | E6: =Global!G6/Global!$B6 -> 0.11849026
A7: =Global!C7/Global!$B7 -> 0.48314397 | B7: =Global!D7/Global!$B7 -> 0.040885966 | C7: =Global!E7/Global!$B7 -> 0.22994906 | D7: =Global!F7/Global!$B7 -> 0.12410507 | E7: =Global!G7/Global!$B7 -> 0.12191594
A8: =Global!C8/Global!$B8 -> 0.48814823 | B8: =Global!D8/Global!$B8 -> 0.040950468 | C8: =Global!E8/Global!$B8 -> 0.22347032 | D8: =Global!F8/Global!$B8 -> 0.12089656 | E8: =Global!G8/Global!$B8 -> 0.12653443
A9: =Global!C9/Global!$B9 -> 0.48854995 | B9: =Global!D9/Global!$B9 -> 0.040982783 | C9: =Global!E9/Global!$B9 -> 0.22139444 | D9: =Global!F9/Global!$B9 -> 0.11802914 | E9: =Global!G9/Global!$B9 -> 0.13104369
A10: =Global!C10/Global!$B10 -> 0.48784713 | B10: =Global!D10/Global!$B10 -> 0.041324604 | C10: =Global!E10/Global!$B10 -> 0.22084581 | D10: =Global!F10/Global!$B10 -> 0.11547585 | E10: =Global!G10/Global!$B10 -> 0.1345066
A11: =Global!C11/Global!$B11 -> 0.48293759 | B11: =Global!D11/Global!$B11 -> 0.042339235 | C11: =Global!E11/Global!$B11 -> 0.22109314 | D11: =Global!F11/Global!$B11 -> 0.11408593 | E11: =Global!G11/Global!$B11 -> 0.13954411
A12: =Global!C12/Global!$B12 -> 0.4794669 | B12: =Global!D12/Global!$B12 -> 0.043054143 | C12: =Global!E12/Global!$B12 -> 0.22053411 | D12: =Global!F12/Global!$B12 -> 0.11313019 | E12: =Global!G12/Global!$B12 -> 0.14381467
A13: =Global!C13/Global!$B13 -> 0.47734079 | B13: =Global!D13/Global!$B13 -> 0.044127361 | C13: =Global!E13/Global!$B13 -> 0.21799842 | D13: =Global!F13/Global!$B13 -> 0.11244176 | E13: =Global!G13/Global!$B13 -> 0.14809168
